{"text": " Hello, hello, hello, hello, this is a test.", "segments": [{"id": 0, "seek": 0, "start": 0.0, "end": 5.0, "text": " Hello, hello, hello, hello, this is a test.", "tokens": [50363, 18435, 11, 23748, 11, 23748, 11, 23748, 11, 428, 318, 257, 1332, 13, 50613], "temperature": 0.0, "avg_logprob": -0.7837824821472168, "compression_ratio": 1.3870967741935485, "no_speech_prob": 0.1517259180545807}], "language": "en"}